{"hw2_hidden": {"failed": [], "total": 5, "correct": 5}, "primary_key": {"failed": [], "total": 4, "correct": 4}, "projection": {"failed": [], "total": 6, "correct": 6}, "update": {"failed": [], "total": 6, "correct": 6}, "logical": {"failed": [], "total": 3, "correct": 3}, "numeric_where": {"failed": [], "total": 6, "correct": 6}, "limit": {"failed": [], "total": 3, "correct": 3}, "offset": {"failed": [], "total": 3, "correct": 3}, "aggre": {"failed": [], "total": 4, "correct": 4}, "string": {"failed": [], "total": 3, "correct": 3}, "delete": {"failed": [], "total": 7, "correct": 7}}